{
	"providers": [
		{"file": "minecraft:font/tags/bronze.png", "chars": ["\uE238"], "height": 7, "ascent": 7, "type": "bitmap"},
		{"file": "minecraft:font/tags/silver.png", "chars": ["\uE239"], "height": 7, "ascent": 7, "type": "bitmap"},
		{"file": "minecraft:font/tags/gold.png", "chars": ["\uE240"], "height": 7, "ascent": 7, "type": "bitmap"},
		{"file": "minecraft:font/tags/builder.png", "chars": ["\uE241"], "height": 7, "ascent": 7, "type": "bitmap"},
		{"file": "minecraft:font/tags/lore.png", "chars": ["\uE242"], "height": 7, "ascent": 7, "type": "bitmap"},
		{"file": "minecraft:font/tags/moderator.png", "chars": ["\uE244"], "height": 7, "ascent": 7, "type": "bitmap"},
		{"file": "minecraft:font/tags/admin.png", "chars": ["\uE245"], "height": 7, "ascent": 7, "type": "bitmap"},
		{"file": "minecraft:font/tags/developer.png", "chars": ["\uE246"], "height": 7, "ascent": 7, "type": "bitmap"},
		{"file": "minecraft:font/tags/manager.png", "chars": ["\uE247"], "height": 7, "ascent": 7, "type": "bitmap"},
		{"file": "minecraft:font/tags/srmoderator.png", "chars": ["\uE249"], "height": 7, "ascent": 7, "type": "bitmap"},
      {"file": "minecraft:font/tags/content.png", "chars": ["\uE250"], "height": 7, "ascent": 7, "type": "bitmap"},
      {"file": "minecraft:font/tags/guide.png", "chars": ["\uE251"], "height": 7, "ascent": 7, "type": "bitmap"},
      {"file": "minecraft:font/tags/vanished.png", "chars": ["\uE252"], "height": 9, "ascent": 7, "type": "bitmap"},
      {"file": "minecraft:font/tags/diamond.png", "chars": ["\uE253"], "height": 7, "ascent": 7, "type": "bitmap"},
      {"file": "minecraft:font/tags/twink.png", "chars": ["\uE256"], "height": 7, "ascent": 7, "type": "bitmap"},
      {"file": "minecraft:font/tags/owner.png", "chars": ["\uE257"], "height": 7, "ascent": 7, "type": "bitmap"},
      {"file": "minecraft:font/tags/srguide.png", "chars": ["\uE258"], "height": 7, "ascent": 7, "type": "bitmap"},
      {"file": "minecraft:font/tags/srlore.png", "chars": ["\uE259"], "height": 7, "ascent": 7, "type": "bitmap"},
      {"file": "minecraft:font/tags/srbuilder.png", "chars": ["\uE260"], "height": 7, "ascent": 7, "type": "bitmap"},
      {"file": "minecraft:font/tags/cake.png", "chars": ["\uE264"], "height": 7, "ascent": 7, "type": "bitmap"},
      {"file": "minecraft:font/tags/lead-mod.png", "chars": ["\uE009"], "height": 7, "ascent": 7, "type": "bitmap"},
      {"file": "minecraft:font/tags/lead-lore.png", "chars": ["\uE00A"], "height": 7, "ascent": 7, "type": "bitmap"},
      {"file": "minecraft:font/tags/lead-build.png", "chars": ["\uE00B"], "height": 7, "ascent": 7, "type": "bitmap"},
      {"file": "minecraft:font/tags/lead-guide.png", "chars": ["\uE00C"], "height": 7, "ascent": 7, "type": "bitmap"},
      {"file": "minecraft:font/tags/lead-content.png", "chars": ["\uE00D"], "height": 7, "ascent": 7, "type": "bitmap"},
		{"file": "minecraft:font/tags/ooc.png", "chars": ["\uE005"], "height": 18, "ascent": 7, "type": "bitmap"},
      {"file": "minecraft:font/tags/bounty.png", "chars": ["\uE008"], "height": 34, "ascent": 7, "type": "bitmap"},
      {"file": "minecraft:font/tags/event.png", "chars": ["\uE007"], "height": 29, "ascent": 7, "type": "bitmap"},
      {"file": "minecraft:font/tags/event.png", "chars": ["\uE254"], "height": 29, "ascent": 7, "type": "bitmap"},
      {"file": "minecraft:font/tags/lead.png", "chars": ["\uF011"], "height": 22, "ascent": 7, "type": "bitmap"},
		{"file": "minecraft:font/tags/npc.png", "chars": ["\uE248"], "height": 19, "ascent": 7, "type": "bitmap"},
		{"file": "minecraft:font/tags/legendary.png", "chars": ["\uE004"], "height": 49, "ascent": 7, "type": "bitmap"},
      {"file": "minecraft:font/tags/rare.png", "chars": ["\uF012"], "height": 23, "ascent": 7, "type": "bitmap"},
		{"file": "minecraft:font/tags/santa.png", "chars": ["\uE006"], "height": 28, "ascent": 7, "type": "bitmap"},
      {"file": "minecraft:font/tags/srcontent.png", "chars": ["\uF013"], "height": 7, "ascent": 7, "type": "bitmap"}
   ]
}